vedadc_n,vantig_n,vnline_n,vgamma_c,veaseg_c,vctcpl_n,vccdeu_n,vccdeu_n,ttkbco_n,vtarge_c
60,,1,PREMIUM PLUS,n,45,1,1,2439779,0
66,,1,ALTA,n,71,8,8,0,0
,141,1,PREMIUM,n,73,25,25,0,0
116,,2,,n,7,0,0,0,0
50,,3,ALTA,n,42,7,7,1969990,0
54,,2,PREMIUM PLUS,n,27,0,0,0,0
62,,4,,n,40,8,8,0,0
50,66,2,PRIMIUM PLUS,s,38,11,11,1653464,0
60,,2,PREMIUM,n,24,2,2,0,0
60,,2,PREMIUM,n,24,2,2,0,0
,80,4,PREMIUM PLUS,n,25,0,0,0,0
,,5,PREMIUM PLUS,n,22,0,0,2949088,0
,29,6,PREMIUM PLUS,n,27,3,3,0,0
80,,4,PREMIUM PLUS,n,6,0,0,95899,0
63,,6,PREMIUM PLUS,n,14,0,0,0,0
39,,1,PREMIUM PLUS,n,55,14,14,6569791,0
54,,2,,n,15,0,0,2422869,0
59,122,1,PREMIUM PLUS,n,18,0,0,1619325,0
41,,5,,n,8,1,1,0,0
64,,1,PREMIUM PLUS,n,20,1,1,2629924,0
91,,2,PREMIUM,n,27,3,3,172415,0
39,153,1,PREMIUM PLUS,n,23,0,0,4494649,0
64,,2,PREMIUM,n,21,1,1,0,0
62,141,1,PREMIUM,n,32,0,0,0,0
,,6,,n,18,2,2,0,0
,141,3,PREMIUM PLUS,n,15,0,0,6446462,0
,141,1,PREMIUM PLUS,n,18,1,1,1303023,0
,73,4,PREMIUM,n,55,20,20,98374,0
33,135,1,ALTA,n,17,4,4,2194902,0
62,148,1,PREMIUM,n,13,0,0,0,0
41,,1,PREMIUM PLUS,n,6,1,1,894904,0
55,134,1,PREMIUM,n,16,6,6,0,0
34,160,1,PREMIUM,n,48,21,21,0,0
74,109,2,PREMIUM,n,59,0,0,0,0
48,89,1,PREMIUM PLUS,n,63,9,9,1606746,0
55,,2,PREMIUM,n,49,18,18,0,0
,79,2,BAJA,n,15,2,2,0,0
41,58,3,PREMIUM PLUS,n,26,2,2,7493046,0
36,150,1,ALTA,n,35,12,12,0,0
,135,5,PREMIUM PLUS,n,12,3,3,0,0
,59,2,,n,31,13,13,0,0
67,135,1,,n,6,1,1,477063,0
55,145,1,ALTA,n,28,0,0,0,0
38,,3,PREMIUM,n,77,3,3,1439094,0
71,167,1,PREMIUM,n,17,2,2,1888163,0
,134,2,PREMIUM PLUS,n,35,13,13,0,0
42,168,2,PREMIUM PLUS,n,69,28,28,0,0
62,131,2,,n,13,0,0,0,0
45,137,1,PREMIUM PLUS,n,44,11,11,0,0
53,,1,PREMIUM PLUS,n,50,18,18,10240531,0
48,149,3,PREMIUM PLUS,n,22,7,7,6054882,0
45,6,2,PREMIUM PLUS,n,91,36,36,4334079,0
41,,3,,n,3,0,0,0,0
12,134,3,PREMIUM PLUS,n,43,16,16,4,0
13,134,6,PREMIUM PLUS,n,16,7,7,0,0
64,,1,ALTA,n,11,1,1,1091497,0
51,88,1,PREMIUM PLUS,n,6,0,0,0,0
13,134,3,,n,43,19,19,147468,0
13,143,1,,n,22,10,10,0,0
22,,4,ALTA,n,14,0,0,242416,0
69,,1,PREMIUM PLUS,n,14,3,3,4176115,0
41,134,1,PREMIUM PLUS,n,10,0,0,0,0
67,133,2,,n,43,14,14,0,0
45,,1,PREMIUM,s,61,25,25,3529863,0
38,144,1,PREMIUM,n,16,3,3,0,0
,71,2,,n,43,19,19,0,0
48,82,2,,n,19,3,3,0,0
,90,1,ALTA,n,24,6,6,0,0
65,,1,PREMIUM PLUS,n,44,11,11,7891064,0
32,108,1,PREMIUM,n,34,10,10,0,0
117,137,6,ALTA,n,52,19,19,0,0
60,142,1,PREMIUM PLUS,n,54,19,19,0,0
41,145,1,ALTA,n,10,2,2,1414894,0
43,,1,PREMIUM PLUS,n,67,23,23,10939142,0
,36,1,PREMIUM,n,232,17,17,0,0
36,84,1,,n,18,3,3,0,0
53,134,1,PREMIUM,n,21,7,7,0,0
56,75,1,PREMIUM PLUS,n,95,34,34,0,0
72,78,2,PREMIUM PLUS,s,53,10,10,4466786,0
22,142,2,PREMIUM,n,6,1,1,3979138,0
53,,2,PREMIUM PLUS,s,21,4,4,8290909,0
34,86,2,PREMIUM,n,127,51,51,0,0
50,134,3,,n,9,0,0,0,0
49,,3,PREMIUM PLUS,n,48,6,6,2387417,0
116,134,3,PREMIUM,n,10,0,0,0,0
48,,2,ALTA,n,71,29,29,962515,0
46,89,1,ALTA,n,10,3,3,0,0
67,134,3,PREMIUM,n,8,0,0,0,0
46,138,1,PREMIUM PLUS,n,29,2,2,0,0
51,148,2,PREMIUM PLUS,n,7,0,0,0,0
11,129,5,PREMIUM PLUS,n,12,1,1,0,0
,5,2,,n,30,11,11,0,0
57,129,1,PREMIUM PLUS,n,11,2,2,0,0
41,164,7,PREMIUM PLUS,n,5,1,1,0,0
47,,1,PREMIUM PLUS,n,10,2,2,0,0
59,134,1,ALTA,n,45,20,20,0,0
64,147,2,MEDIA,n,34,10,10,5170480,0
42,151,1,PREMIUM PLUS,n,14,0,0,5332044,0
33,110,1,PREMIUM,s,54,20,20,8698321,0
43,92,5,MEDIA,n,22,6,6,5111887,0
52,134,2,PREMIUM PLUS,n,9,2,2,0,0
44,,3,PREMIUM PLUS,n,57,12,12,10613551,0
14,134,5,PREMIUM PLUS,n,115,47,47,0,0
91,92,1,PREMIUM PLUS,n,20,3,3,9628088,0
30,76,1,,n,12,1,1,6255287,0
40,96,1,PREMIUM PLUS,n,70,22,22,0,0
62,,2,ALTA,n,88,17,17,2359840,0
61,47,1,,n,31,11,11,0,0
51,166,2,PREMIUM PLUS,n,12,1,1,0,0
17,134,1,PREMIUM PLUS,n,26,7,7,0,0
14,160,3,,n,67,26,26,678825,0
39,80,1,PREMIUM,n,14,3,3,1646245,0
117,151,3,PREMIUM,n,23,8,8,7549251,0
17,155,3,PREMIUM,n,38,10,10,0,0
50,132,2,ALTA,n,58,12,12,0,0
50,111,2,,n,5,0,0,0,0
70,132,3,PREMIUM PLUS,n,18,1,1,0,0
116,,2,PREMIUM PLUS,n,52,18,18,625306,0
40,152,1,PREMIUM,n,23,0,0,1478603,0
37,133,1,PREMIUM,n,12,3,3,3878487,0
49,74,1,PREMIUM PLUS,n,15,4,4,3194465,0
64,147,2,PREMIUM PLUS,s,25,5,5,11056521,0
49,171,4,PREMIUM PLUS,n,41,12,12,0,0
47,,2,PREMIUM PLUS,n,7,0,0,6280881,0
50,147,2,PREMIUM PLUS,n,16,0,0,5275486,0
,133,6,,n,5,8,8,0,0
36,133,1,PREMIUM PLUS,n,8,0,0,10534191,0
53,133,5,PREMIUN PLUS,n,13,3,3,0,0
50,134,1,ALTA,n,9,0,0,3471904,0
17,147,1,PREMIUM,n,40,4,4,3196382,0
35,146,2,PREMIUM PLUS,n,19,6,6,0,0
14,133,7,PREMIUM PLUS,n,12,1,1,0,0
117,92,7,PREMIUM PLUS,n,11,0,0,0,0
11,114,2,ALTA,n,29,12,12,0,0
117,99,2,ALTA,n,20,0,0,0,0
41,133,3,PREMIUM PLUS,n,11,0,0,0,0
38,,1,PREMIUM PLUS,n,12,0,0,0,0
80,98,3,,n,62,28,28,0,0
52,,1,PREMIUM PLUS,n,66,0,0,0,0
63,,1,,n,2,0,0,0,0
38,,1,,n,47,21,21,4945277,0
42,,1,PREMIUM,n,24,9,9,2729249,0
43,,1,PREMIUM,n,84,32,32,0,0
66,137,1,PREMIUM,n,13,3,3,0,0
57,6,1,ALTA,n,50,18,18,0,0
29,84,1,PREMIUM,n,31,10,10,6981211,0
34,134,1,PREMIUM PLUS,n,56,21,21,8400549,0
56,133,2,PREMIUM PLUS,n,11,1,1,0,0
33,89,1,PREMIUM PLUS,n,23,3,3,0,0
41,,1,PREMIUM PLUS,n,62,26,26,0,0
36,132,1,PREMIUM,n,45,3,3,0,0
,1,1,PREMIUM,n,70,21,21,7306772,0
17,,7,,n,24,7,7,5052,0
54,133,1,,n,7,0,0,0,0
45,149,1,PREMIUM PLUS,n,14,1,1,0,0
19,155,1,,n,45,21,21,0,0
47,142,1,PREMIUM,n,17,1,1,8056778,0
57,133,6,PREMIUM,n,10,0,0,1330710,0
,73,1,PREMIUM PLUS,n,39,12,12,0,0
56,12,1,PREMIUM PLUS,n,22,5,5,4734815,0
63,156,1,PREMIUM PLUS,n,17,0,0,1820071,0
61,141,1,PREMIUM PLUS,n,8,0,0,0,0
51,,1,PREMIUM,n,52,20,20,5094443,0
41,,3,PREMIUM,n,22,8,8,0,0
52,148,1,ALTA,n,99,44,44,1860581,0
,141,5,,n,28,3,3,0,0
10,121,1,,n,49,23,23,0,0
45,131,2,PREMIUM PLUS,n,10,0,0,8863232,0
116,87,2,ALTA,n,23,4,4,346786,0
44,88,1,,n,28,0,0,11,0
45,122,1,BAJA,n,6,0,0,0,0
36,162,2,,n,16,1,1,2849547,0
33,133,7,PREMIUM,n,8,1,1,0,0
21,,1,PREMIUM PLUS,n,34,10,10,4385567,0
46,141,3,PREMIUM PLUS,n,53,19,19,9268588,0
41,,1,PREMIUM,n,9,0,0,0,0
57,,1,PREMIUM,n,7,0,0,0,0
5,70,3,PREMIUM PLUS,n,11,1,1,4753227,0
39,132,3,PREMIUM PLUS,n,9,1,1,0,0
116,105,2,,n,21,6,6,0,0
63,5,1,PREMIUM,n,68,31,31,0,0
30,88,1,MEDIA,n,16,0,0,427621,0
,74,5,,n,14,0,0,2996676,0
34,145,1,ALTA,n,77,28,28,752056,0
38,,3,PREMIUM PLUS,n,5,0,0,1154944,0
,132,1,,n,55,18,18,0,0
44,163,1,ALTA,n,64,26,26,9100274,0
117,132,4,ALTA,n,12,1,1,0,0
45,131,2,PREMIUM PLUS,n,11,0,0,3655670,0
117,129,4,PREMIUM,n,57,10,10,22545,0
40,132,6,,n,29,10,10,0,0
45,143,2,ALTA,n,66,16,16,6002128,0
51,,3,,n,9,1,1,0,0
56,143,1,PREMIUM PLUS,n,37,13,13,0,0
71,,2,PREMIUM,n,12,4,4,0,0
65,,2,PREMIUM,n,15,5,5,1069086,0
32,80,1,PREMIUM PLUS,n,24,3,3,11942225,0
46,132,2,PREMIUM PLUS,n,92,29,29,4942422,0
51,88,2,ALTA,n,28,8,8,3331499,0
56,158,2,PREMIUM PLUS,n,41,14,14,647857,0
58,137,1,PREMIUM PLUS,n,3,0,0,2356627,0
60,131,3,,n,4,0,0,0,0
62,142,1,PREMIUM,n,58,0,0,2265498,0
56,89,1,PREMIUM PLUS,n,36,12,12,7486791,0
44,107,2,PREMIUM,n,20,4,4,0,0
64,99,1,PREMIUM PLUS,n,34,12,12,0,0
77,,1,PREMIUM,n,31,6,6,248925,0
83,157,1,,n,19,4,4,0,0
117,91,2,MEDIA,n,14,1,1,0,0
38,132,2,PREMIUM,n,59,24,24,0,0
71,140,1,PREMIUM PLUS,s,40,11,11,0,0
45,132,1,PREMIUM PLUS,n,7,0,0,0,0
43,43,1,PREMIUM PLUS,n,8,0,0,10613413,0
,,4,PREMIUM PLUS,n,5,1,1,2416141,0
57,132,3,BAJA,n,21,1,1,0,0
51,132,2,,n,11,0,0,5669,0
28,85,2,PREMIUM,n,44,14,14,9980194,0
51,76,1,PREMIUM,n,8,0,0,6600913,0
64,,1,PREMIUM PLUS,n,16,0,0,0,0
44,,1,PREMIUM,n,91,22,22,1265173,0
29,69,1,PREMIUM PLUS,n,19,3,3,713963,0
17,157,4,PREMIUM,n,18,3,3,6175777,0
53,108,1,,n,35,13,13,0,0
18,132,5,PREMIUM PLUS,n,60,22,22,360331,0
41,113,1,,n,14,1,1,24748,0
38,,4,PREMIUM PLUS,n,26,9,9,7322409,0
61,,1,PREMIUM PLUS,n,17,3,3,0,0
11,132,2,PREMIUM,n,10,0,0,5223225,0
45,132,2,,n,59,25,25,1903131,0
43,120,2,PREMIUM,n,43,14,14,2650921,0
,76,1,PREMIUM,n,8,0,0,734578,0
49,115,1,ALTA,n,37,7,7,0,0
52,130,2,PREMIUM,n,13,2,2,4884321,0
38,131,1,ALTA,n,77,17,17,7596808,0
60,113,1,PREMIUM PLUS,n,40,9,9,0,0
,87,1,,n,7,1,1,0,0
54,132,2,PREMIUM,n,7,0,0,0,0
117,131,4,PREMIUM,n,77,35,35,0,0
54,94,1,PREMIUM,n,20,5,5,141152,0
55,132,1,PREMIUM PLUS,n,9,0,0,6651583,0
21,,4,,n,16,2,2,0,0
41,130,1,PREMIUM PLUS,s,5,0,0,0,0
62,88,1,PREMIUM PLUS,n,41,3,3,817543,0
63,,6,,n,26,0,0,0,0
,83,1,,n,26,4,4,0,0
54,,1,PREMIUM,n,82,24,24,1739410,0
55,,1,PREMIUM PLUS,n,36,4,4,1097490,0
76,139,1,PREMIUM,n,19,3,3,272289,0
72,111,1,ALTA,n,13,0,0,142206,0
,,3,PREMIUM PLUS,n,25,0,0,7488343,0
60,120,2,PREMIUM,n,9,0,0,1657896,0
,119,4,,no,20,1,1,0,0
43,,2,,n,35,4,4,5358636,0
83,,1,ALTA,n,10,1,1,0,0
51,,4,PREMIUM PLUS,n,11,0,0,0,0
70,,2,PREMIUM PLUS,s,21,3,3,2978382,0
,,1,,n,12,2,2,841417,0
61,132,4,PREMIUM PLUS,n,37,2,2,5922943,0
56,,3,PREMIUM PLUS,n,23,0,0,4174005,0
63,,1,PREMIUM PLUS,n,9,0,0,0,0
71,,2,ALTA,n,22,2,2,2645210,0
18,,5,PREMIUM PLUS,n,17,0,0,434190,0
71,,4,PREMIUM PLUS,s,14,0,0,0,0
36,172,1,PREMIUM,n,95,36,36,4558621,0
72,9,1,PREMIUM PLUS,n,23,0,0,2666441,0
62,,2,ALTA,n,44,6,6,0,0
52,,5,PREMIUM PLUS,n,17,0,0,0,0
58,,3,PREMIUM PLUS,n,55,15,15,8771078,0
54,,1,ALTA,n,57,12,12,0,0
,,1,,n,25,5,5,3793228,0
63,,1,PREMIUM,n,21,0,0,0,0
60,,2,PREMIUM,n,18,0,0,169289,0
66,154,1,PREMIUM PLUS,n,44,0,0,224810,0
55,,3,PREMIUM PLUS,n,38,9,9,1610322,0
,15,1,,n,28,3,3,1735765,0
35,132,1,PREMIUM PLUS,s,20,2,2,7777541,0
,,1,PREMIUM PLUS,n,24,0,0,259771,0
8,99,4,PREMIUM PLUS,n,48,2,2,0,0
71,,2,PREMIUM,n,32,0,0,692638,0
58,,1,PREMIUM PLUS,n,37,0,0,7981755,0
57,,1,PREMIUM,n,39,1,1,4822835,0
39,7,1,PREMIUM PLUS,n,36,3,3,0,0
55,,1,,n,83,25,25,0,0
70,,2,ALTA,n,16,5,5,0,0
58,,4,PREMIUM,n,82,25,25,0,0
58,163,2,PREMIUM PLUS,n,29,1,1,0,0
,,5,PREMIUM PLUS,n,14,0,0,0,0
55,,3,PREMIUM PLUS,n,28,0,0,6885088,0
54,21,2,,n,12,2,2,8160386,0
66,,2,PREMIUM PLUS,n,21,0,0,399158,0
,,4,,n,8,0,0,186228,0
55,,1,PREMIUM PLUS,n,57,7,7,0,0
69,89,1,PREMIUM PLUS,n,71,29,29,0,0
71,131,1,PREMIUM PLUS,n,20,0,0,1418367,0
59,81,1,PREMIUM PLUS,n,18,3,3,0,0
58,109,1,,n,0,0,0,0,0
67,,3,PREMIUM PLUS,n,43,0,0,6654667,0
66,128,1,PREMIUM PLUS,n,27,5,5,847795,0
65,,1,PREMIUM PLUS,n,50,12,12,0,0
60,,1,PREMIUM PLUS,n,34,11,11,0,0
,,2,,n,37,10,10,1650043,0
75,43,1,PREMIUM PLUS,s,8,0,0,701434,0
46,,6,PREMIUM,n,61,0,0,3027452,0
14,168,4,PREMIUM PLUS,n,35,1,1,1109403,0
54,16,1,PREMIUM PLUS,s,21,1,1,0,0
56,133,2,PREMIUM,n,21,1,1,36696,0
18,,4,,n,8,6,6,0,0
56,,3,,n,37,12,12,0,0
64,,3,PREMIUM PLUS,n,20,2,2,0,0
63,,2,PREMIUM PLUS,n,14,0,0,966208,0
47,143,2,PREMIUM PLUS,n,15,3,3,9699537,0
59,,3,PREMIUM PLUS,n,11,1,1,0,0
65,122,1,PREMIUM PLUS,n,17,1,1,0,0
60,,2,PREMIUM,n,15,0,0,0,0
58,,1,PREMIUM PLUS,n,30,3,3,5371183,0
72,,1,PREMIUM,n,2,0,0,164057,0
82,,1,ALTA,n,19,3,3,64,0
66,,2,PREMIUM,n,77,28,28,814057,0
53,,5,,n,46,3,3,1552976,0
79,107,1,,n,21,2,2,0,0
,,1,,n,15,1,1,0,0
116,,3,PREMIUM,n,25,1,1,0,0
,51,1,PREMIUM,n,32,0,0,0,0
62,,4,,n,10,1,1,1805085,0
,,3,,n,45,7,7,0,0
,,2,PREMIUM,n,11,0,0,0,0
62,,2,PREMIUM,n,113,32,32,0,0
51,,3,,n,24,2,2,0,0
62,116,1,ALTA,n,29,4,4,3595147,0
53,,1,PREMIUM PLUS,n,34,4,4,0,0
57,,2,PREMIUM PLUS,s,27,3,3,6060450,0
54,,1,,n,5,0,0,0,0
59,,2,PREMIUM,n,15,0,0,0,0
58,,1,PREMIUM PLUS,n,11,0,0,0,0
66,142,2,PREMIUM PLUS,n,39,1,1,0,0
,,1,,n,0,0,0,0,0
65,,2,PREMIUM PLUS,n,30,0,0,0,0
71,,1,PREMIUM,n,100,36,36,66984,0
65,,3,PREMIUM PLUS,n,21,1,1,9871303,0
55,,2,PREMIUM PLUS,n,22,0,0,0,0
50,,2,PREMIUM PLUS,n,19,1,1,0,0
66,,1,,n,0,0,0,0,0
61,,3,PREMIUM PLUS,n,18,0,0,3974158,0
43,128,2,PREMIUM,n,34,10,10,698088,0
62,,3,ALTA,n,33,0,0,3003510,0
55,,1,PREMIUM PLUS,n,46,11,11,0,0
52,,3,,n,26,2,2,0,0
86,,1,MEDIA,n,18,1,1,226683,0
63,,2,PREMIUM PLUS,n,23,1,1,0,0
49,,1,PREMIUM,n,56,13,13,11931236,0
66,105,1,PREMIUM,n,18,0,0,1056162,0
51,,2,,n,21,1,1,7012618,0
57,,2,PREMIUM PLUS,n,19,3,3,0,0
52,,1,,n,83,26,26,5779274,0
51,,1,,n,0,0,0,0,0
51,,4,PREMIUM PLUS,n,27,0,0,7249173,0
61,,2,PREMIUM PLUS,n,16,0,0,390624,0
58,,4,PREMIUM,n,14,1,1,514274,0
56,,2,PREMIUM,n,88,23,23,0,0
17,,2,PREMIUM PLUS,n,18,0,0,1237854,0
116,,4,PREMIUM,n,151,50,50,18103341,0
48,,2,PREMIUM PLUS,n,43,1,1,1645554,0
53,153,1,PREMIUM,n,26,2,2,0,0
47,,2,PREMIUM PLUS,n,90,27,27,0,0
,,1,,n,68,7,7,0,0
9,116,1,PREMIUM PLUS,n,31,7,7,0,0
25,,6,PREMIUM,n,11,0,0,0,0
69,23,1,PREMIUM PLUS,n,18,1,1,0,0
72,,2,PREMIUM PLUS,n,18,1,1,3369804,0
,,3,PREMIUM PLUS,n,95,32,32,1760632,0
50,162,1,PREMIUM PLUS,n,24,3,3,5187613,0
58,,4,,n,76,8,8,3208915,0
17,135,3,PREMIUM,n,38,0,0,0,0
,,1,,n,9,1,1,0,0
54,,4,PREMIUM,n,15,1,1,8604619,0
,36,1,PREMIUM PLUS,n,23,3,3,1350881,0
61,,1,PREMIUM,n,9,0,0,0,0
68,,1,PREMIUM,n,39,8,8,0,0
61,,2,PREMIUM PLUS,n,18,0,0,0,0
66,,1,PREMIUM,n,21,2,2,0,0
68,,1,PREMIUM,n,11,0,0,239848,0
43,148,2,,n,15,4,4,0,0
71,,1,PREMIUM,n,28,2,2,0,0
64,,6,PREMIUM PLUS,n,90,40,40,747358,0
43,,1,PREMIUM PLUS,n,14,0,0,780660,0
61,,2,ALTA,n,12,0,0,1176632,0
83,,2,PREMIUM PLUS,n,21,0,0,1250558,0
76,,1,,n,12,1,1,0,0
47,,1,PREMIUM,n,29,6,6,0,0
34,,2,PREMIUM,n,33,7,7,0,0
69,86,2,PREMIUM PLUS,n,16,0,0,0,0
57,,2,PREMIUM PLUS,n,19,0,0,3162528,0
64,,1,,n,17,0,0,898140,0
,,1,,n,4,1,1,0,0
62,21,1,PREMIUM PLUS,s,28,7,7,578595,0
63,,1,PREMIUM PLUS,n,25,1,1,6257262,0
77,126,1,PREMIUM PLUS,n,57,16,16,0,0
57,,3,PREMIUM PLUS,n,18,1,1,0,0
67,,1,PREMIUM PLUS,n,24,5,5,0,0
53,,3,PREMIUM PLUS,n,32,6,6,3635748,0
53,,2,MEDIA,n,20,3,3,4674383,0
,122,2,PREMIUM PLUS,n,26,1,1,564356,0
,,1,,n,0,0,0,0,0
60,,1,ALTA,n,40,11,11,0,0
49,,1,MEDIA,n,51,3,3,0,0
58,,3,PREMIUM,n,23,3,3,0,0
54,,1,,n,42,15,15,0,0
,24,1,PREMIUM PLUS,n,56,13,13,0,0
13,159,1,PREMIUM,n,81,30,30,2117553,0
,16,4,PREMIUM PLUS,n,17,1,1,737714,0
64,,2,PREMIUM PLUS,n,15,1,1,941207,0
69,,1,PREMIUM,n,13,1,1,1375272,0
71,,1,PREMIUM PLUS,n,15,1,1,357712,0
44,,1,PREMIUM PLUS,s,51,1,1,10022940,0
60,,2,PREMIUM PLUS,n,14,0,0,3718234,0
,,1,,n,8,1,1,0,0
,,1,MEDIA,n,8,1,1,0,0
116,111,3,PREMIUM PLUS,n,125,47,47,6972440,0
58,,1,PREMIUM,n,28,2,2,0,0
56,,2,,n,13,0,0,2950658,0
46,,1,ALTA,n,63,25,25,0,0
52,,3,PREMIUM,n,102,39,39,2175458,0
60,,1,PREMIUM PLUS,s,33,5,5,15653562,0
,,1,,n,7,0,0,0,0
58,,1,,n,25,5,5,0,0
18,,2,PREMIUM,n,47,10,10,0,0
57,,1,ALTA,n,19,1,1,1285121,0
58,,1,PREMIUM PLUS,n,28,2,2,0,0
41,131,2,PREMIUM,n,20,3,3,11358472,0
56,,1,PREMIUM,n,41,12,12,4305226,0
58,,2,ALTA,n,19,0,0,0,0
18,,1,PREMIUM PLUS,n,62,22,22,0,0
70,,1,PREMIUM PLUS,n,5,0,0,37000,0
54,,2,PREMIUM PLUS,n,15,0,0,2435512,0
57,,1,PREMIUM PLUS,n,29,3,3,6111668,0
54,,2,PREMIUM,n,8,0,0,0,0
50,,2,,n,93,35,35,0,0
56,,1,PREMIUM PLUS,n,5,0,0,0,0
64,,1,PREMIUM,n,19,5,5,2412869,0
76,,1,PREMIUM,n,28,2,2,0,0
70,,1,ALTA,s,17,1,1,0,0
50,133,1,PREMIUM,n,50,9,9,1387287,0
60,,3,PREMIUM PLUS,n,12,1,1,452010,0
47,,5,PREMIUM PLUS,n,65,20,20,0,0
58,,1,PREMIUM,n,42,9,9,0,0
46,,3,PREMIUM PLUS,s,28,0,0,2423120,0
58,,1,PREMIUM,n,36,6,6,3823243,0
72,,1,PREMIUM,n,10,1,1,0,0
70,135,1,PREMIUM PLUS,n,20,1,1,0,0
74,,1,PREMIUM PLUS,n,13,0,0,0,0
48,,1,PREMIUM PLUS,n,41,10,10,0,0
37,154,1,,n,16,0,0,0,0
60,,2,ALTA,n,25,2,2,3857989,0
60,148,1,PREMIUM,n,20,0,0,0,0
49,,2,PREMIUM,n,15,0,0,3822921,0
58,,1,ALTA,n,20,0,0,381665,0
60,,2,,n,54,22,22,0,0
70,,3,PREMIUM PLUS,n,71,27,27,1632554,0
54,,3,PREMIUM PLUS,n,32,0,0,1198090,0
,,1,PREMIUM PLUS,n,41,8,8,1693720,0
56,,1,PREMIUM PLUS,n,23,0,0,0,0
,,1,PREMIUM PLUS,n,37,4,4,0,0
78,,1,PREMIUM,n,16,2,2,1131546,0
66,,1,PREMIUM,n,21,0,0,1006272,0
47,,5,PREMIUM,n,24,2,2,6123058,0
49,,2,PREMIUM PLUS,n,23,8,8,5891447,0
62,143,3,ALTA,n,29,6,6,131481,0
67,,1,ALTA,n,19,4,4,7183391,0
43,,1,,n,16,1,1,0,0
116,110,7,,n,22,11,11,0,0
59,,2,PREMIUM,n,23,0,0,1965147,0
52,,2,ALTA,n,11,0,0,83292,0
61,,1,PREMIUM PLUS,n,16,0,0,12344873,0
58,27,1,,s,15,2,2,3863522,0
54,157,1,PREMIUM PLUS,s,82,28,28,2647072,0
17,,6,PREMIUM,n,6,0,0,519390,0
61,,2,PREMIUM PLUS,n,6,0,0,437753,0
116,153,3,PREMIUM PLUS,s,10,0,0,13532588,0
117,,3,MEDIA,n,108,43,43,0,0
48,,4,PREMIUM PLUS,n,11,0,0,4715116,0
74,,1,PREMIUM,n,23,4,4,0,0
47,,3,PREMIUM,n,40,8,8,1623311,0
56,,5,,n,16,1,1,0,0
60,76,2,PREMIUM PLUS,n,11,1,1,1756814,0
117,,2,PREMIUM,n,23,1,1,0,0
57,,2,PREMIUM PLUS,n,16,0,0,3083427,0
,,1,PREMIUM,n,10,1,1,0,0
43,,2,PREMIUM PLUS,n,74,24,24,0,0
64,,1,ALTA,n,52,11,11,756425,0
53,,1,PREMIUM,n,38,13,13,7760555,0
54,88,3,PREMIUM,n,26,2,2,4534814,0
62,,1,PREMIUM PLUS,n,17,0,0,2372075,0
68,,1,,n,50,15,15,0,0
59,,1,,n,36,8,8,0,0
49,,3,,n,13,2,2,5757865,0
65,,1,PREMIUM,n,24,1,1,0,0
65,,1,PREMIUM PLUS,n,18,1,1,633569,0
48,,5,PREMIUM PLUS,n,30,0,0,1676756,0
,,1,PREMIUM,n,26,7,7,81083,0
54,,1,PREMIUM PLUS,n,19,2,2,0,0
,,1,PREMIUM PLUS,n,41,8,8,0,0
12,142,1,ALTA,n,23,2,2,0,0
62,,1,PREMIUM PLUS,n,23,1,1,0,0
53,,2,,n,1,0,0,0,0
45,,1,PREMIUM PLUS,n,11,0,0,1875338,0
44,,1,PREMIUM,n,54,14,14,0,0
,60,1,PREMIUM PLUS,n,18,4,4,5921817,0
65,,1,MEDIA,n,27,3,3,408023,0
91,124,1,PREMIUM PLUS,n,13,0,0,0,0
59,,3,PREMIUM PLUS,n,23,3,3,4697800,0
53,,3,,n,28,11,11,0,0
,,1,PREMIUM PLUS,n,70,21,21,468309,0
56,,1,PREMIUM PLUS,n,36,8,8,2412231,0
,2,2,PREMIUM PLUS,n,14,0,0,3171426,0
46,145,2,PREMIUM PLUS,n,29,2,2,944700,0
77,,1,PREMIUM PLUS,n,69,26,26,0,0
64,,1,,n,10,2,2,0,0
60,,1,PREMIUM PLUS,n,6,0,0,0,0
47,,1,PREMIUM,n,30,9,9,0,0
53,86,1,PREMIUM PLUS,n,45,18,18,0,0
42,,2,PREMIUM,n,76,32,32,0,0
,9,1,PREMIUM PLUS,n,25,4,4,43311,0
64,,3,PREMIUM,n,30,7,7,1055559,0
59,,1,,n,12,1,1,0,0
51,,1,PREMIUM PLUS,n,33,5,5,0,0
60,,3,PREMIUM PLUS,n,14,2,2,991714,0
,,1,PREMIUM PLUS,n,22,3,3,1559669,0
50,,1,PREMIUM PLUS,n,33,4,4,0,0
61,,1,PREMIUM PLUS,n,37,8,8,11203929,0
51,,1,PREMIUM PLUS,n,24,6,6,6504489,0
55,,1,MEDIA,n,9,0,0,2188218,0
44,,1,,n,42,7,7,0,0
,,1,PREMIUM PLUS,n,10,1,1,376156,0
71,,3,PREMIUM PLUS,n,14,3,3,4240473,0
46,,2,PREMIUM PLUS,n,28,7,7,0,0
61,,1,,n,12,0,0,0,0
42,,3,,n,17,1,1,213574,0
73,,2,PREMIUM,n,45,12,12,140072,0
79,,1,PREMIUM PLUS,n,11,0,0,1341240,0
63,,2,PREMIUM PLUS,n,15,0,0,0,0
,,6,PREMIUM PLUS,n,16,0,0,0,0
92,,1,,n,30,10,10,0,0
44,,1,PREMIUM PLUS,n,20,3,3,0,0
48,19,1,,n,15,1,1,4907527,0
50,,1,PREMIUM PLUS,n,39,6,6,13631838,0
,94,2,PREMIUM PLUS,n,101,33,33,0,0
44,,1,PREMIUM PLUS,n,35,5,5,0,0
52,,5,,n,12,1,1,56032,0
76,,1,PREMIUM PLUS,n,15,0,0,405883,0
48,,3,PREMIUM PLUS,n,17,0,0,3347667,0
73,,1,PREMIUM,n,32,11,11,1100995,0
79,,1,PREMIUM PLUS,n,16,0,0,0,0
62,,1,PREMIUM,n,17,3,3,0,0
67,,3,PREMIUM PLUS,n,27,0,0,783669,0
68,75,1,PREMIUM,n,13,0,0,0,0
44,,6,PREMIUM PLUS,n,40,1,1,0,0
64,,1,PREMIUM,n,32,2,2,0,0
82,70,1,PREMIUM PLUS,n,60,21,21,0,0
53,143,3,PREMIUM PLUS,n,14,0,0,0,0
55,,4,PREMIUM,n,70,6,6,2945348,0
83,,2,MEDIA,n,49,11,11,355998,0
,,3,PREMIUM PLUS,n,33,5,5,0,0
117,39,2,PREMIUM PLUS,n,35,9,9,2106418,0
57,,1,PREMIUM PLUS,n,13,2,2,0,0
47,,1,PREMIUM PLUS,n,44,8,8,0,0
48,,2,PREMIUM,n,81,19,19,6563044,0
55,114,2,,n,13,1,1,0,0
,,1,,n,37,2,2,0,0
63,,2,PREMIUM,n,19,1,1,3614987,0
70,,2,PREMIUM PLUS,s,81,27,27,0,0
67,150,1,PREMIUM PLUS,n,25,0,0,0,0
49,39,1,PREMIUM PLUS,n,22,1,1,0,0
53,4,1,PREMIUM PLUS,n,72,26,26,934726,0
90,,1,,n,8,1,1,0,0
62,,1,PREMIUM PLUS,n,25,4,4,801649,0
68,,1,PREMIUM,n,25,4,4,0,0
52,,2,,n,2,1,1,0,0
,,1,,n,0,0,0,0,0
52,,4,PREMIUM PLUS,n,42,1,1,9862980,0
52,,3,PREMIUM PLUS,n,8,0,0,4782894,0
43,,3,,n,0,0,0,0,0
67,,1,,n,0,0,0,0,0
,,1,,n,0,0,0,0,0
,,1,,n,0,0,0,0,0
41,,1,,n,0,0,0,0,0
55,,3,,n,11,0,0,255046,0
,,1,,n,2,0,0,0,0
56,,3,,n,0,0,0,0,0
49,,1,PREMIUM,n,27,3,3,4836275,0
55,91,2,PREMIUM PLUS,n,20,1,1,6635222,0
58,86,1,PREMIUM PLUS,n,19,2,2,2450052,0
85,56,1,ALTA,n,12,2,2,848945,0
,,1,,n,0,0,0,0,0
39,,2,,n,0,0,0,0,0
82,,2,ALTA,n,11,0,0,0,0
63,,6,PREMIUM,n,15,1,1,1342244,0
48,,4,PREMIUM PLUS,n,26,1,1,2495502,0
62,,1,PREMIUM,n,18,0,0,976091,0
,,1,,n,0,0,0,0,0
32,,1,,n,2,1,1,0,0
116,,1,,n,0,0,0,0,0
60,,1,PREMIUM PLUS,n,38,13,13,0,0
46,,1,PREMIUM PLUS,n,24,2,2,11390451,0
82,,1,,n,0,0,0,0,0
,,2,PREMIUM PLUS,n,36,6,6,0,0
58,,1,PREMIUM PLUS,s,70,25,25,3104818,0
52,,2,,n,11,1,1,4179591,0
,,1,,n,20,7,7,0,0
46,,1,PREMIUM PLUS,n,38,9,9,14966182,0
,,1,,n,0,0,0,0,0
49,,4,PREMIUM PLUS,n,26,2,2,0,0
42,,1,PREMIUM PLUS,n,23,7,7,0,0
7,62,3,PREMIUM PLUS,n,66,25,25,0,0
17,136,3,PREMIUM PLUS,n,23,6,6,1170494,0
42,,1,PREMIUM,n,39,4,4,3384950,0
26,152,1,,n,8,0,0,0,0
48,36,1,PREMIUM PLUS,n,40,3,3,138113,0
68,,1,PREMIUM PLUS,n,17,2,2,1561299,0
54,,1,PREMIUM PLUS,n,48,14,14,4361673,0
56,136,1,PREMIUM,n,92,37,37,6273813,0
70,92,1,ALTAa,n,23,5,5,873697,0
116,,1,,n,0,0,0,0,0
69,,1,,n,0,0,0,0,0
,,1,,n,0,0,0,0,0
32,28,1,PREMIUM PLUS,n,26,5,5,0,0
54,26,2,,n,13,2,2,831265,0
40,104,2,,n,41,0,0,0,0
66,,1,PREMIUM PLUS,n,25,0,0,2568452,0
10,119,2,ALTA,n,129,24,24,3910294,0
51,,2,PREMIUM PLUS,n,30,4,4,0,0
60,,1,ALTA,n,15,2,2,0,0
17,108,3,BAJA,n,12,2,2,0,0
63,,1,PREMIUM PLUS,n,18,5,5,7514205,0
15,,5,,n,13,0,0,0,0
48,,1,,n,10,2,2,0,0
60,,1,,n,0,0,0,0,0
,,1,,n,0,0,0,0,0
48,,1,,n,0,0,0,0,0
39,,1,PREMIUM PLUS,n,88,31,31,18346433,0
74,,2,,n,23,5,5,0,0
81,74,1,ALTA,n,8,0,0,211401,0
,33,1,PREMIUM PLUS,n,34,4,4,3428296,0
56,167,3,,n,30,6,6,1524282,0
90,,1,,n,0,0,0,0,0
39,,3,,n,0,0,0,0,0
41,,1,,n,0,0,0,0,0
54,,1,PREMIUM,n,36,9,9,5067486,0
68,,2,,n,18,1,1,0,0
17,,1,,n,102,39,39,1,0
54,134,2,PREMIUM PLUS,n,35,3,3,4552468,0
57,133,3,,n,2,1,1,1153422,0
,,1,,n,0,0,0,0,0
66,,1,,n,0,0,0,0,0
59,,1,PREMIUM PLUS,n,30,6,6,0,0
62,59,2,PREMIUM PLUS,n,27,0,0,3533544,0
62,,1,,n,36,12,12,3807090,0
,,3,PREMIUM,n,16,2,2,0,0
12,147,7,PREMIUM PLUS,n,26,1,1,6485677,0
58,,1,PREMIUM PLUS,n,11,1,1,199026,0
41,,1,,n,0,0,0,0,0
44,130,1,PREMIUM,n,26,2,2,0,0
18,146,7,,n,12,0,0,1998508,0
,,1,,n,0,0,0,0,0
,,1,,n,0,0,0,0,0
57,,1,,n,0,0,0,0,0
81,,1,,n,0,0,0,0,0
68,,1,,n,17,0,0,0,0
57,,1,PREMIUM,n,17,1,1,2852030,0
51,124,1,,n,23,10,10,0,1
11,93,1,ALTA,n,3,2,2,0,1
58,,1,PREMIUM,n,19,8,8,0,1
50,,1,ALTA,n,6,0,0,0,1
,94,7,PREMIUM PLUS,n,2,1,1,0,1
47,,5,PREMIUM PLUS,n,1,0,0,0,1
40,158,1,PREMIUM PLUS,n,11,1,1,0,1
116,82,2,PREMIUM,n,25,9,9,0,1
50,138,1,ALTA,n,17,8,8,0,1
,85,4,,n,6,3,3,0,1
53,59,1,PREMIUM,n,25,9,9,0,1
,36,5,PREMIUM PLUS,n,3,1,1,0,1
0,5,1,ALTA,n,1,5,5,0,1
28,107,1,PREMIUM PLUS,n,15,6,6,0,1
26,,2,ALTA,n,3,1,1,0,1
,13,6,MEDIA,n,2,0,0,0,1
9,111,1,PREMIUM,n,1,0,0,0,1
117,142,2,PREMIUM,n,22,6,6,0,1
51,126,1,ALTA,n,68,27,27,0,1
33,130,2,ALTA,n,40,16,16,0,1
48,24,1,PREMIUM PLUS,n,9,4,4,0,1
,86,2,PREMIUM PLUS,n,6,1,1,0,1
11,53,1,PREMIUM,n,15,7,7,0,1
,,2,PREMIUM PLUS,n,1,0,0,0,1
,36,1,PREMIUM PLUS,n,1,0,0,0,1
,,4,BAJA,n,1,0,0,0,1
18,,4,BAJA,n,11,5,5,0,1
40,,1,PREMIUM PLUS,n,32,13,13,0,1
117,90,2,ALTA,n,24,3,3,0,1
30,27,6,PREMIUM PLUS,n,6,0,0,0,1
,12,2,PREMIUM PLUS,n,3,0,0,0,1
33,,2,PREMIUM,n,136,48,48,0,1
21,,7,BAJA,n,6,1,1,0,1
117,89,2,ALTA,n,34,13,13,0,1
35,,2,PREMIUM PLUS,n,8,0,0,0,1
26,88,1,PREMIUM,n,157,36,36,0,1
116,88,2,ALTA,n,88,38,38,0,1
,39,2,MEDIA,n,6,3,3,0,1
117,104,2,PREMIUM PLUS,n,13,6,6,0,1
,64,2,ALTA,n,12,0,0,0,1
66,,1,PREMIUM PLUS,n,78,32,32,0,1
29,126,1,PREMIUM,n,16,6,6,0,1
,45,2,ALTA,n,0,0,0,0,1
26,36,1,PREMIUM,n,10,2,2,0,1
45,,1,PREMIUM PLUS,n,25,9,9,0,1
0,5,1,,n,1,5,5,0,1
49,97,1,BAJA,n,19,4,4,0,1
38,82,1,ALTA,n,37,16,16,0,1
26,88,1,PREMIUM PLUS,n,35,14,14,0,1
0,5,1,ALTA,n,1,5,5,0,1
,50,4,PREMIUM PLUS,n,4,1,1,0,1
18,,1,PREMIUM,n,2,1,1,0,1
52,89,1,PREMIUM PLUS,n,29,8,8,1404678,1
38,,3,,n,10,1,1,0,1
117,18,1,PREMIUM,n,4,1,1,0,1
46,154,1,ALTA,n,38,14,14,0,1
10,108,1,BAJA,n,44,18,18,0,1
51,164,1,PREMIUM PLUS,n,2,0,0,0,1
,,4,BAJA,n,1,2,2,0,1
37,87,2,PREMIUM,n,9,3,3,0,1
117,92,2,MEDIA,n,9,1,1,0,1
12,,3,PREMIUM PLUS,n,10,1,1,0,1
36,134,2,MEDIA,n,9,2,2,0,1
117,88,2,PREMIUM,n,31,12,12,2305669,1
117,88,2,ALTA,n,54,21,21,0,1
,38,1,MEDIA,n,1,4,4,0,1
16,119,1,PREMIUM PLUS,n,20,5,5,0,1
57,65,3,PREMIUM,n,5,0,0,0,1
48,82,2,ALTA,n,41,17,17,0,1
24,88,1,ALTA,n,23,10,10,0,1
60,,1,PREMIUM,n,20,9,9,0,1
55,132,2,ALTA,n,1,2,2,0,1
34,63,2,PREMIUM PLUS,n,11,1,1,0,1
58,,2,PREMIUM PLUS,n,50,18,18,0,1
,141,5,MEDIIA,n,1,1,1,0,1
25,,2,BAJA,n,1,2,2,0,1
32,117,1,,n,3,0,0,0,1
116,158,2,ALTA,n,131,54,54,0,1
,78,1,PREMIUM PLUS,n,24,6,6,0,1
117,88,1,,n,3,1,1,0,1
,,2,BAJA,n,1,0,0,0,1
44,120,1,ALTA,n,15,5,5,0,1
33,108,3,PREMIUM,n,12,2,2,0,1
71,,2,,n,5,1,1,0,1
54,155,1,PREMIUM PLUS,n,8,4,4,0,1
62,129,1,PREMIUM PLUS,n,44,19,19,0,1
,,2,PREMIUM PLUS,n,2,0,0,0,1
67,116,1,,n,28,9,9,0,1
,100,1,,n,27,11,11,0,1
,85,2,PREMIUM,n,20,8,8,0,1
,9,2,BAJA,n,1,0,0,0,1
29,167,7,PREMIUM PLUS,n,0,0,0,0,1
,73,1,,n,17,6,6,0,1
31,96,1,PREMIUM PLUS,n,17,4,4,0,1
0,5,1,ALTA,n,1,5,5,0,1
,15,1,ALTA,n,1,2,2,0,1
116,77,1,PREMIUM,n,16,1,1,0,1
15,,1,PREMIUM PLUS,n,15,0,0,0,1
,91,1,,n,3,0,0,0,1
,11,1,PREMIUM PLUS,n,4,2,2,0,1
12,151,5,,n,7,3,3,0,1
18,174,1,ALTA,n,36,4,4,0,1
,93,5,BAJA,n,1,0,0,0,1
33,54,1,PREMIUM PLUS,n,4,0,0,0,1
9,97,5,BAJA,n,3,1,1,0,1
117,67,1,ALTA,n,33,14,14,0,1
45,114,1,PREMIUM PLUS,n,58,26,26,0,1
,74,2,PREMIUM PLUS,n,6,1,1,0,1
24,172,2,ALTA,n,3,1,1,0,1
38,125,3,ALTA,n,2,1,1,0,1
39,99,2,PREMIUM,n,135,34,34,0,1
117,89,2,PREMIUM,n,1,0,0,0,1
116,61,3,PREMIUM PLUS,n,29,9,9,0,1
,65,7,BAJA,n,2,0,0,0,1
59,30,1,PREMIUM PLUS,n,3,0,0,0,1
116,99,2,PREMIUM PLUS,n,6,0,0,0,1
47,132,2,PREMIUM,n,72,32,32,0,1
117,144,2,PREMIUM,n,15,0,0,0,1
12,123,1,,n,6,2,2,0,1
,36,1,PREMIUM PLUS,n,21,4,4,0,1
34,139,5,PREMIUM,n,82,27,27,0,1
40,109,2,PREMIUM,n,16,6,6,0,1
41,149,1,PREMIUM,n,12,5,5,0,1
117,75,4,PREMIUM,n,2,0,0,0,1
17,114,3,,n,15,4,4,0,1
24,150,3,,n,2,1,1,0,1
,15,1,,n,4,2,2,0,1
42,,1,PREMIUM PLUS,n,19,4,4,1462329,1
35,109,1,,n,33,14,14,0,1
116,102,1,,n,8,1,1,0,1
,46,3,PREMIUM,n,49,22,22,0,1
,34,5,ALTA,n,0,0,0,0,1
28,157,2,,n,24,9,9,0,1
31,60,1,ALTA,n,14,4,4,0,1
116,71,1,ALTA,n,13,4,4,0,1
,,7,PREMIUM PLUS,n,4,1,1,0,1
26,151,6,BAJA,n,1,1,1,0,1
117,8,1,PREMIUM PLUS,n,2,1,1,0,1
36,152,1,PREMIUM PLUS,n,10,1,1,2766648,1
9,97,5,BAJA,n,7,1,1,0,1
39,102,3,PREMIUM,n,24,8,8,0,1
20,,2,,n,9,1,1,0,1
38,109,3,ALTA,n,19,8,8,0,1
,27,4,PREMIUM PLUS,n,0,0,0,0,1
,10,6,PREMIUM,n,4,2,2,0,1
23,40,1,,n,5,2,2,0,1
47,,1,PREMIUM PLUS,n,11,0,0,0,1
27,89,1,BAJA,n,80,38,38,0,1
17,163,2,PREMIUM PLUS,n,2,1,1,0,1
,,1,PREMIUM,n,1,0,0,0,1
32,113,2,PREMIUM,n,0,0,0,0,1
,108,7,PREMIUM PLUS,n,13,6,6,0,1
117,163,2,PREMIUM,n,23,11,11,0,1
36,89,1,PREMIUM PLUS,n,46,17,17,0,1
49,80,3,PREMIUM,n,20,4,4,0,1
63,115,3,PREMIUM,n,50,18,18,0,1
,82,1,BAJA,n,2,1,1,0,1
51,129,1,PREMIUM,n,35,13,13,0,1
39,60,1,,n,6,0,0,0,1
33,137,1,PREMIUM,n,18,7,7,0,1
38,116,1,PREMIUM PLUS,n,75,30,30,0,1
,45,2,PREMIUM PLUS,n,0,0,0,0,1
24,91,1,PREMIUM PLUS,n,4,1,1,0,1
24,124,1,BAJA,n,3,0,0,0,1
48,123,2,PREMIUM PLUS,n,5,2,2,0,1
40,127,1,,n,6,2,2,0,1
24,66,1,PREMIUM,n,2,0,0,0,1
55,171,2,PREMIUM PLUS,n,4,1,1,0,1
28,34,1,PREMIUM PLUS,n,9,3,3,0,1
,72,3,PREMIUM PLUS,n,6,0,0,0,1
,39,1,PREMIUM PLUS,n,7,2,2,0,1
36,131,1,ALTA,n,60,23,23,0,1
,,1,,n,3,1,1,0,1
24,141,3,PREMIUM,n,10,3,3,0,1
117,50,3,MEDIA,n,26,11,11,0,1
44,159,1,,n,14,5,5,0,1
48,132,1,,n,27,8,8,0,1
34,127,1,PREMIUM PLUS,n,10,1,1,0,1
,41,1,PREMIUM,n,12,6,6,0,1
9,111,1,MEDIA,n,1,0,0,0,1
33,160,1,,n,7,2,2,0,1
71,,1,PREMIUM PLUS,n,78,30,30,0,1
25,88,1,MEDIA,n,6,0,0,0,1
22,30,2,PREMIUM,n,28,12,12,0,1
40,135,1,PREMIUM PLUS,n,3,0,0,0,1
57,124,2,ALTA,n,19,9,9,0,1
71,109,1,,n,64,30,30,0,1
49,,1,PREMIUM PLUS,n,7,1,1,0,1
20,,2,PREMIUM PLUS,n,1,1,1,0,1
17,134,2,PREMIUM PLUS,n,1,1,1,0,1
,87,4,PREMIUM PLUS,n,2,0,0,0,1
,29,2,BAJA,n,12,4,4,0,1
27,90,1,PREMIUM PLUS,n,59,27,27,0,1
47,89,1,,n,12,5,5,22405,1
3,17,3,PREMIUM PLUS,n,6,1,1,0,1
116,51,1,PREMIUM,n,7,2,2,0,1
47,149,1,,n,23,3,3,0,1
,45,1,PREMIUM,n,4,2,2,0,1
19,,5,BAJA,n,0,0,0,0,1
0,5,1,ALTA,n,1,5,5,0,1
,160,3,BAJA,n,4,5,5,0,1
,,3,PREMIUM,n,4,0,0,0,1
39,154,1,PREMIUM PLUS,n,57,27,27,0,1
45,122,1,PREMIUM,n,48,21,21,0,1
,6,2,PREMIUM PLUS,n,4,2,2,0,1
,57,1,PREMIUM,n,68,28,28,0,1
26,,2,,n,1,0,0,0,1
9,111,1,PREMIUM,n,1,0,0,0,1
24,124,1,BAJA,n,1,0,0,0,1
21,38,1,ALTA,n,46,17,17,0,1
27,111,1,PREMIUM,n,67,31,31,0,1
44,,1,PREMIUM PLUS,n,11,4,4,0,1
36,89,2,PREMIUM,n,30,14,14,0,1
24,150,3,,n,2,1,1,0,1
,,2,PREMIUM,n,2,0,0,0,1
116,40,1,PREMIUM PLUS,n,52,24,24,0,1
41,112,2,PREMIUM,n,24,10,10,0,1
,86,2,PREMIUM PLUS,n,9,0,0,0,1
116,68,1,PREMIUM,n,8,1,1,0,1
117,123,1,PREMIUM,n,20,6,6,0,1
116,113,3,PREMIUM,n,22,7,7,0,1
44,81,1,PREMIUM,n,23,11,11,0,1
,34,5,BAJA,n,0,0,0,0,1
40,34,1,,n,9,2,2,0,1
26,74,1,PREMIUM,n,22,9,9,0,1
,5,3,,n,4,2,2,0,1
55,,1,PREMIUM PLUS,n,18,6,6,0,1
117,86,1,PREMIUM PLUS,n,14,6,6,0,1
10,109,7,BAJA,n,0,0,0,0,1
25,76,1,PREMIUM PLUS,n,18,6,6,0,1
,,1,BAJA,n,6,3,3,0,1
40,122,1,PREMIUM PLUS,n,7,2,2,0,1
117,14,2,PREMIUM PLUS,n,5,1,1,0,1
,59,4,PREMIUM PLUS,n,13,2,2,0,1
,62,3,PREMIUM PLUS,n,90,39,39,0,1
33,34,1,PREMIUM PLUS,n,20,9,9,0,1
13,139,3,BAJA,n,7,2,2,0,1
51,,1,,n,2,1,1,0,1
117,88,1,PREMIUM,n,13,5,5,0,1
26,68,1,PREMIUM,n,10,4,4,5096826,1
29,126,2,PREMIUM PLUS,n,4,0,0,0,1
,156,1,PREMIUM,n,4,2,2,0,1
,50,4,PREMIUM PLUS,n,4,1,1,0,1
28,,6,PREMIUM PLUS,n,15,1,1,0,1
27,64,1,PREMIUM,n,69,30,30,0,1
,28,1,PREMIUM,n,2,1,1,0,1
,100,3,PREMIUM PLUS,n,12,6,6,0,1
33,137,1,PREMIUM,n,26,12,12,0,1
,,2,MEDIA,n,2,1,1,0,1
10,105,5,,n,48,16,16,0,1
36,19,1,PREMIUM PLUS,n,11,4,4,0,1
,20,1,PREMIUM,n,6,1,1,0,1
42,89,1,PREMIUM PLUS,n,2,0,0,0,1
,50,4,PREMIUM PLUS,n,4,1,1,0,1
45,49,1,PREMIUM PLUS,n,17,7,7,0,1
117,87,2,ALTA,n,28,10,10,0,1
42,137,2,PREMIUM PLUS,n,4,0,0,0,1
117,148,2,PREMIUM PLUS,n,8,4,4,0,1
